barcode,country
7622210449283,en:algeria
7622210449283,en:belgium
7622210449283,en:france
7622210449283,en:french-polynesia
7622210449283,en:germany
7622210449283,en:guadeloupe
7622210449283,en:hungary
7622210449283,en:luxembourg
7622210449283,en:martinique
7622210449283,en:morocco
7622210449283,en:new-caledonia
7622210449283,en:reunion
7622210449283,en:spain
7622210449283,en:switzerland
7622210449283,en:united-states
3046920029759,en:algeria
3046920029759,en:austria
3046920029759,en:belgium
3046920029759,en:bulgaria
3046920029759,en:czech-republic
3046920029759,en:finland
3046920029759,en:france
3046920029759,en:french-polynesia
3046920029759,en:germany
3046920029759,en:ireland
3046920029759,en:italy
3046920029759,en:mauritius
3046920029759,en:morocco
3046920029759,en:netherlands
3046920029759,en:norway
3046920029759,en:reunion
3046920029759,en:romania
3046920029759,en:singapore
3046920029759,en:spain
3046920029759,en:sweden
3046920029759,en:switzerland
3046920029759,en:tunisia
3046920029759,en:united-kingdom
6111031005064,en:morocco
3175680011480,en:belgium
3175680011480,en:bulgaria
3175680011480,en:france
3175680011480,en:switzerland
20995553,en:austria
20995553,en:belgium
20995553,en:bulgaria
20995553,en:estonia
20995553,en:finland
20995553,en:france
20995553,en:germany
20995553,en:italy
20995553,en:lithuania
20995553,en:slovakia
20995553,en:slovenia
20995553,en:spain
20995553,en:united-kingdom
3362600011044,en:morocco
8425197712024,en:algeria
8425197712024,en:cameroon
8425197712024,en:france
8425197712024,en:morocco
8425197712024,en:spain
7622210578464,en:france
7622210578464,en:ireland
7622210578464,en:sweden
7622210578464,en:united-kingdom
6111259343108,en:morocco
3362600011228,en:morocco
8000500310427,en:france
8000500310427,en:germany
8000500310427,en:italy
8000500310427,en:morocco
8000500310427,en:portugal
8000500310427,en:romania
8000500310427,en:spain
8000500310427,en:switzerland
7300400481595,en:france
7300400481595,en:italy
7300400481595,en:reunion
7300400481595,en:spain
7300400481595,en:switzerland
3046920022651,en:algeria
3046920022651,en:belgium
3046920022651,en:czech-republic
3046920022651,en:france
3046920022651,en:germany
3046920022651,en:guadeloupe
3046920022651,en:italy
3046920022651,en:morocco
3046920022651,en:reunion
3046920022651,en:spain
3046920022651,en:switzerland
5060042641000,en:france
5060042641000,en:germany
5060042641000,en:spain
5060042641000,en:united-kingdom
7622210584724,en:belgium
7622210584724,en:france
7622210584724,en:ireland
7622210584724,en:united-kingdom
3046920022606,en:austria
3046920022606,en:belgium
3046920022606,en:france
3046920022606,en:germany
3046920022606,en:italy
3046920022606,en:morocco
3046920022606,en:netherlands
3046920022606,en:reunion
3046920022606,en:spain
3046920022606,en:switzerland
3229820100234,en:france
3229820100234,en:luxembourg
3229820100234,en:switzerland
20022464,en:belgium
20022464,en:bulgaria
20022464,en:czech-republic
20022464,en:finland
20022464,en:germany
20022464,en:netherlands
20022464,en:poland
20022464,en:spain
3362600011006,en:morocco
6111259341197,en:morocco
5410041001204,en:austria
5410041001204,en:belgium
5410041001204,en:denmark
5410041001204,en:estonia
5410041001204,en:finland
5410041001204,en:france
5410041001204,en:germany
5410041001204,en:italy
5410041001204,en:luxembourg
5410041001204,en:malta
5410041001204,en:morocco
5410041001204,en:netherlands
5410041001204,en:portugal
5410041001204,en:spain
5410041001204,en:sweden
5410041001204,en:switzerland
3046920028004,en:australia
3046920028004,en:belgium
3046920028004,en:canada
3046920028004,en:czech-republic
3046920028004,en:denmark
3046920028004,en:estonia
3046920028004,en:france
3046920028004,en:germany
3046920028004,en:hungary
3046920028004,en:ireland
3046920028004,en:italy
3046920028004,en:lebanon
3046920028004,en:morocco
3046920028004,en:netherlands
3046920028004,en:portugal
3046920028004,en:serbia
3046920028004,en:spain
3046920028004,en:switzerland
3046920028004,en:united-kingdom
6111259340992,en:morocco
06175700,en:belgium
06175700,en:france
06175700,en:luxembourg
06175700,en:netherlands
06175700,en:senegal
06175700,en:switzerland
3175681851849,en:belgium
3175681851849,en:france
3175681851849,en:french-polynesia
3175681851849,en:germany
3175681851849,en:guadeloupe
3175681851849,en:martinique
3175681851849,en:morocco
3175681851849,en:reunion
3175681851849,en:switzerland
6111252860077,en:morocco
6111252860077,en:spain
6111252860077,en:marruecos
3046920028363,en:andorra
3046920028363,en:austria
3046920028363,en:belgium
3046920028363,en:bulgaria
3046920028363,en:czech-republic
3046920028363,en:denmark
3046920028363,en:france
3046920028363,en:germany
3046920028363,en:hungary
3046920028363,en:italy
3046920028363,en:morocco
3046920028363,en:netherlands
3046920028363,en:new-zealand
3046920028363,en:poland
3046920028363,en:portugal
3046920028363,en:romania
3046920028363,en:russia
3046920028363,en:spain
3046920028363,en:switzerland
3046920028363,en:united-kingdom
6111245591063,en:morocco
20095291,en:belgium
20095291,en:france
20095291,en:germany
20095291,en:italy
20095291,en:spain
20095291,en:switzerland
20095291,en:united-kingdom
80176800,en:austria
80176800,en:belgium
80176800,en:bulgaria
80176800,en:france
80176800,en:germany
80176800,en:hungary
80176800,en:ireland
80176800,en:montenegro
80176800,en:morocco
80176800,en:reunion
80176800,en:romania
80176800,en:senegal
80176800,en:serbia
80176800,en:spain
80176800,en:switzerland
80176800,en:tunisia
80176800,en:turkey
80176800,en:united-kingdom
5053990156009,en:italy
8410076801180,en:belgium
8410076801180,en:france
8410076801180,en:germany
8410076801180,en:ireland
8410076801180,en:netherlands
8410076801180,en:spain
8410076801180,en:switzerland
8410076801180,en:united-kingdom
8410076801180,en:belgica
3251490332080,en:belgium
3251490332080,en:france
3251490332080,en:french-polynesia
3251490332080,en:martinique
3251490332080,en:morocco
3251490332080,en:reunion
3251490332080,en:switzerland
3046920028721,en:australia
3046920028721,en:austria
3046920028721,en:belgium
3046920028721,en:bulgaria
3046920028721,en:france
3046920028721,en:germany
3046920028721,en:italy
3046920028721,en:lebanon
3046920028721,en:morocco
3046920028721,en:romania
3046920028721,en:spain
3046920028721,en:switzerland
3046920028721,en:thailand
3046920028721,en:united-kingdom
7613035040823,en:belgium
7613035040823,en:france
7613035040823,en:germany
7613035040823,en:reunion
7613035040823,en:switzerland
6111259342828,en:morocco
3256540000698,en:belgium
3256540000698,en:france
3256540000698,en:switzerland
3256540000698,en:united-kingdom
3256540000698,en:united-states
3045140105502,en:algeria
3045140105502,en:austria
3045140105502,en:bulgaria
3045140105502,en:france
3045140105502,en:germany
3045140105502,en:hungary
3045140105502,en:italy
3045140105502,en:morocco
3045140105502,en:poland
3045140105502,en:tunisia
3045140105502,en:united-kingdom
3284230006408,en:france
6111259343344,en:morocco
10614594,en:austria
10614594,en:france
10614594,en:germany
10614594,en:ireland
10614594,en:italy
10614594,en:switzerland
10614594,en:united-kingdom
10614594,en:united-states
40896243,en:belgium
40896243,en:bulgaria
40896243,en:france
40896243,en:germany
40896243,en:italy
40896243,en:portugal
40896243,en:serbia
40896243,en:spain
20815394,en:france
20815394,en:germany
20815394,en:hungary
20815394,en:italy
20815394,en:netherlands
20815394,en:portugal
20815394,en:switzerland
3046920029780,en:australia
3046920029780,en:austria
3046920029780,en:denmark
3046920029780,en:france
3046920029780,en:germany
3046920029780,en:morocco
3046920029780,en:new-zealand
3046920029780,en:spain
3046920029780,en:switzerland
3587220002252,en:france
3587220002252,en:germany
3587220002252,en:switzerland
5053990101597,en:algeria
5053990101597,en:bulgaria
5053990101597,en:croatia
5053990101597,en:egypt
5053990101597,en:hungary
5053990101597,en:iraq
5053990101597,en:lebanon
5053990101597,en:libya
5053990101597,en:lithuania
5053990101597,en:morocco
5053990101597,en:poland
5053990101597,en:romania
5053990101597,en:tunisia
5053990101597,en:ukraine
8410510012196,en:morocco
5410126006957,en:algeria
5410126006957,en:belgium
5410126006957,en:france
5410126006957,en:luxembourg
5410126006957,en:mauritania
5410126006957,en:morocco
5410126006957,en:netherlands
5410126006957,en:switzerland
5410126006957,en:tunisia
7622210601988,en:belgium
7622210601988,en:france
7622210601988,en:martinique
7622210601988,en:morocco
7622210601988,en:reunion
7622210601988,en:switzerland
7622210601988,en:united-states
3041090063206,en:belgium
3041090063206,en:france
3041090063206,en:luxembourg
3041090063206,en:netherlands
3041090063206,en:reunion
3041090063206,en:switzerland
80052760,en:australia
80052760,en:belgium
80052760,en:estonia
80052760,en:france
80052760,en:greece
80052760,en:hungary
80052760,en:ireland
80052760,en:italy
80052760,en:latvia
80052760,en:lithuania
80052760,en:morocco
80052760,en:new-zealand
80052760,en:poland
80052760,en:portugal
80052760,en:romania
80052760,en:spain
80052760,en:switzerland
80052760,en:united-kingdom
5059697731860,en:united-kingdom
5017764128104,en:united-kingdom
5053990101573,en:armenia
5053990101573,en:belarus
5053990101573,en:belgium
5053990101573,en:bosnia-and-herzegovina
5053990101573,en:bulgaria
5053990101573,en:croatia
5053990101573,en:france
5053990101573,en:hungary
5053990101573,en:kuwait
5053990101573,en:latvia
5053990101573,en:lebanon
5053990101573,en:lithuania
5053990101573,en:morocco
5053990101573,en:poland
5053990101573,en:romania
5053990101573,en:russia
5053990101573,en:serbia
5053990101573,en:switzerland
5053990101573,en:ukraine
3362600001106,en:morocco
3041090063114,en:belgium
3041090063114,en:france
3041090063114,en:luxembourg
3041090063114,en:netherlands
3041090063114,en:switzerland
3175681851856,en:france
3175681851856,en:switzerland
3229820794525,en:france
3061990143365,en:belgium
3061990143365,en:france
3061990143365,en:morocco
3061990143365,en:switzerland
5000168036755,en:france
5000168036755,en:germany
5000168036755,en:ireland
5000168036755,en:united-kingdom
3228857001231,en:france
8410076610737,en:belgium
8410076610737,en:france
06153153,en:france
5013665111610,en:france
5013665111610,en:united-kingdom
5000159461122,en:algeria
5000159461122,en:belgium
5000159461122,en:bulgaria
5000159461122,en:cyprus
5000159461122,en:denmark
5000159461122,en:france
5000159461122,en:germany
5000159461122,en:hungary
5000159461122,en:luxembourg
5000159461122,en:mexico
5000159461122,en:morocco
5000159461122,en:netherlands
5000159461122,en:poland
5000159461122,en:portugal
5000159461122,en:romania
5000159461122,en:saudi-arabia
5000159461122,en:serbia
5000159461122,en:singapore
5000159461122,en:spain
5000159461122,en:sweden
5000159461122,en:switzerland
5000159461122,en:united-kingdom
5000159461122,en:united-states
7622201133337,en:france
7622201133337,en:guadeloupe
8434165466333,en:israel
8434165466333,en:morocco
8434165466333,en:spain
5053990155354,en:france
5053990155354,en:germany
5053990155354,en:italy
5053990155354,en:martinique
5053990155354,en:mauritius
5053990155354,en:portugal
5053990155354,en:reunion
5053990155354,en:thailand
6111259347021,en:morocco
8410076601131,en:france
6111242380219,en:morocco
3175680011534,en:belgium
3175680011534,en:france
3175680011534,en:guadeloupe
3175680011534,en:martinique
3175680011534,en:morocco
3175680011534,en:reunion
3175680011534,en:senegal
3175680011534,en:switzerland
4014400400007,en:austria
4014400400007,en:bulgaria
4014400400007,en:croatia
4014400400007,en:czech-republic
4014400400007,en:france
4014400400007,en:germany
4014400400007,en:hungary
4014400400007,en:lithuania
4014400400007,en:morocco
4014400400007,en:poland
4014400400007,en:romania
4014400400007,en:slovakia
4014400400007,en:sweden
4014400400007,en:switzerland
4014400400007,en:ukraine
8410076601148,en:france
3175681105423,en:belgium
3175681105423,en:france
3175681105423,en:french-polynesia
5059697710001,en:united-kingdom
16811207,en:belgium
16811207,en:bulgaria
16811207,en:france
16811207,en:germany
16811207,en:morocco
16811207,en:poland
16811207,en:romania
16811207,en:switzerland
16811207,en:united-kingdom
3175680011442,en:france
3175680011442,en:guadeloupe
3175680011442,en:martinique
3175680011442,en:reunion
5000168198491,en:france
5000168198491,en:reunion
5000168198491,en:switzerland
5000168198491,en:united-kingdom
3229820021027,en:belgium
3229820021027,en:france
3229820021027,en:french-polynesia
3229820021027,en:luxembourg
3229820021027,en:morocco
3229820021027,en:switzerland
3046920010047,en:australia
3046920010047,en:czech-republic
3046920010047,en:france
3046920010047,en:germany
3046920010047,en:ireland
3046920010047,en:italy
3046920010047,en:netherlands
3046920010047,en:new-zealand
3046920010047,en:spain
3046920010047,en:switzerland
5053990161669,en:bulgaria
5053990161669,en:france
5053990161669,en:lithuania
5053990161669,en:morocco
5053990161669,en:netherlands
5053990161669,en:poland
5053990161669,en:romania
5053990161669,en:spain
5053990161669,en:ukraine
3228857001378,en:france
6111025120605,en:morocco
5013665115373,en:united-kingdom
5053990167807,en:austria
5053990167807,en:belgium
5053990167807,en:france
5053990167807,en:germany
5053990167807,en:italy
5053990167807,en:spain
5053990167807,en:united-kingdom
3229820181950,en:france
3229820181950,en:japan
3229820181950,en:switzerland
5053990107339,en:belgium
5053990107339,en:france
5053990107339,en:germany
5053990107339,en:morocco
5053990107339,en:romania
5053990107339,en:spain
5053990107339,en:switzerland
5053990107339,en:united-kingdom
8410376026962,en:portugal
8410376026962,en:spain
6111032006718,en:morocco
8410510012202,en:morocco
7622210995087,en:algeria
7622210995087,en:france
7622210995087,en:guadeloupe
7622210995087,en:morocco
7622210995087,en:tunisia
80135876,en:croatia
80135876,en:france
80135876,en:hungary
80135876,en:kuwait
80135876,en:lebanon
80135876,en:portugal
80135876,en:romania
80135876,en:spain
80135876,en:turkey
8000500023976,en:bulgaria
8000500023976,en:france
8000500023976,en:hungary
8000500023976,en:portugal
8000500023976,en:romania
8000500023976,en:spain
5060088707685,en:belgium
5060088707685,en:czech-republic
5060088707685,en:france
5060088707685,en:netherlands
5060088707685,en:spain
5060088707685,en:switzerland
6111031005033,en:morocco
3175681209282,en:france
3175681209282,en:luxembourg
3175681209282,en:reunion
3175681209282,en:switzerland
5000119117359,en:united-kingdom
5060088700112,en:belgium
5060088700112,en:france
5060088700112,en:spain
5060088700112,en:united-kingdom
7622210476296,en:france
7622210476296,en:new-caledonia
7622210476296,en:reunion
7622210476296,en:switzerland
3178530410105,en:france
3178530410105,en:martinique
3178530410105,en:la-reunion
3178530410105,en:suisse
3251490307002,en:belgium
3251490307002,en:france
3251490307002,en:french-polynesia
3251490307002,en:reunion
3251490307002,en:switzerland
5060042641406,en:france
5060042641406,en:germany
5060042641406,en:netherlands
5060042641406,en:switzerland
5060042641406,en:united-kingdom
7622210204424,en:france
7622210204424,en:morocco
7622210204424,en:spain
80761761,en:belgium
80761761,en:bulgaria
80761761,en:france
80761761,en:germany
80761761,en:hungary
80761761,en:italy
80761761,en:morocco
80761761,en:poland
80761761,en:romania
80761761,en:serbia
80761761,en:spain
80761761,en:switzerland
80761761,en:thailand
80761761,en:united-kingdom
5060283762199,en:united-kingdom
7622201809638,en:france
6923818881323,en:france
6923818881323,en:morocco
3175681066632,en:france
3175681066632,en:reunion
3175681066632,en:switzerland
5010265002836,en:ireland
5010265002836,en:united-kingdom
5053990127726,en:belgium
5053990127726,en:denmark
5053990127726,en:france
5053990127726,en:germany
5053990127726,en:greece
5053990127726,en:ireland
5053990127726,en:italy
5053990127726,en:morocco
5053990127726,en:netherlands
5053990127726,en:nigeria
5053990127726,en:romania
5053990127726,en:spain
5053990127726,en:united-kingdom
5060088706534,en:france
5060088706534,en:germany
5060088706534,en:ireland
5060088706534,en:morocco
5060088706534,en:poland
5060088706534,en:united-kingdom
6111031005538,en:morocco
0612322000127,en:france
0612322000127,en:united-kingdom
7622210713889,en:belgium
7622210713889,en:france
7622210713889,en:french-polynesia
7622210713889,en:reunion
7622210713889,en:switzerland
7622210421968,en:algeria
7622210421968,en:belgium
7622210421968,en:canada
7622210421968,en:france
7622210421968,en:morocco
7622210421968,en:switzerland
8410376009392,en:portugal
8410376009392,en:spain
7622210713780,en:belgium
7622210713780,en:france
7622210713780,en:guadeloupe
7622210713780,en:luxembourg
7622210713780,en:belgique
7622210713780,en:la-reunion
7622210713780,en:suisse
5060283760072,en:belgium
5060283760072,en:france
5060283760072,en:netherlands
5060283760072,en:united-kingdom
4056489471264,en:belgium
4056489471264,en:france
4056489471264,en:germany
4056489471264,en:morocco
4056489471264,en:netherlands
4056489471264,en:switzerland
3017760000062,en:belgium
3017760000062,en:france
3017760000062,en:guadeloupe
3017760000062,en:lebanon
3017760000062,en:reunion
3017760000062,en:switzerland
3336971805021,en:france
20713713,en:france
3251490320001,en:france
3251490320001,en:guadeloupe
3251490320001,en:morocco
3251490320001,en:reunion
3251490320001,en:switzerland
7622210100917,en:belgium
7622210100917,en:france
7622210100917,en:germany
7622210100917,en:morocco
7622210100917,en:spain
5050974505259,en:france
5050974505259,en:ireland
5050974505259,en:united-kingdom
3175681037854,en:france
5060088701478,en:united-kingdom
3046920027885,en:france
3046920027885,en:switzerland
5060088706022,en:belgium
5060088706022,en:france
5060088706022,en:luxembourg
5060088706022,en:spain
5060088706022,fr:belgica
5060088706022,fr:francia
5000137121994,en:france
5000137121994,en:switzerland
5000137121994,en:united-kingdom
6111249961466,en:morocco
20005719,en:belgium
20005719,en:czech-republic
20005719,en:france
20005719,en:germany
20005719,en:morocco
20005719,en:portugal
20005719,en:spain
4033634061020,en:france
4033634061020,en:germany
4033634061020,en:united-kingdom
3228857001316,en:france
7622210476104,en:france
7622210476104,en:switzerland
8410076610621,en:belgium
8410076610621,en:france
0061232201948,en:france
0061232201948,en:united-kingdom
20005832,en:czech-republic
20005832,en:finland
20005832,en:france
20005832,en:germany
20005832,en:italy
20005832,en:latvia
20005832,en:switzerland
20005832,en:united-kingdom
20005832,en:united-states
20471613,en:ireland
20471613,en:malta
3017760756198,en:france
3168930002987,en:belgium
3168930002987,en:france
3168930002987,en:reunion
5053990167845,en:austria
5053990167845,en:france
5053990167845,en:germany
5053990167845,en:spain
5053990167845,en:switzerland
5053990167845,en:united-kingdom
7622210713926,en:belgium
7622210713926,en:france
7622210713926,en:luxembourg
7622210713926,en:new-caledonia
7622210713926,en:switzerland
7622201444327,en:france
7622201444327,en:morocco
6111259347434,en:morocco
20815882,en:croatia
20815882,en:cyprus
20815882,en:france
20815882,en:germany
20815882,en:greece
20815882,en:slovenia
20815882,en:spain
3251491787810,en:belgium
3251491787810,en:france
3251491787810,en:reunion
3251491787810,en:switzerland
5053990107384,en:austria
5053990107384,en:belgium
5053990107384,en:france
5053990107384,en:germany
5053990107384,en:morocco
5053990107384,en:netherlands
5053990107384,en:spain
5053990107384,en:switzerland
5053990107384,en:united-kingdom
7622300689124,en:france
7622300689124,en:switzerland
7614500010013,en:algeria
7614500010013,en:australia
7614500010013,en:belgium
7614500010013,en:bolivia
7614500010013,en:bulgaria
7614500010013,en:denmark
7614500010013,en:finland
7614500010013,en:france
7614500010013,en:germany
7614500010013,en:italy
7614500010013,en:morocco
7614500010013,en:norway
7614500010013,en:poland
7614500010013,en:romania
7614500010013,en:spain
7614500010013,en:sweden
7614500010013,en:switzerland
7614500010013,en:thailand
7614500010013,en:ukraine
7614500010013,en:united-kingdom
7622210580092,en:ireland
7622210580092,en:united-kingdom
3664346305860,en:france
3664346305860,en:morocco
3229820004334,en:france
6111031003756,en:france
6111031003756,en:morocco
6111031003756,en:maroc
3760049796384,en:france
3362600017619,en:france
3362600017619,en:morocco
8480000142139,en:portugal
8480000142139,en:spain
3023470001015,en:belgium
3023470001015,en:france
3023470001015,en:germany
3023470001015,en:guadeloupe
3023470001015,en:italy
3023470001015,en:martinique
3023470001015,en:morocco
3023470001015,en:switzerland
6111259340060,en:morocco
7622210476241,en:france
3061990143594,en:france
3251491787803,en:france
20177201,en:bulgaria
20177201,en:france
20177201,en:italy
20177201,en:portugal
20177201,en:spain
20177201,en:switzerland
20177201,en:united-kingdom
3045140118502,en:algeria
3045140118502,en:austria
3045140118502,en:czech-republic
3045140118502,en:france
3045140118502,en:germany
3045140118502,en:morocco
3045140118502,en:slovakia
3045140118502,en:switzerland
3175681116832,en:belgium
3175681116832,en:france
3175681116832,en:thailand
6111259346741,en:morocco
7622210444141,en:belgium
7622210444141,en:france
7622210444141,en:morocco
7622210444141,en:reunion
7622210444141,en:switzerland
6111249960964,en:morocco
8000500273296,en:algeria
8000500273296,en:france
8000500273296,en:germany
8000500273296,en:ireland
8000500273296,en:morocco
20177218,en:france
20177218,en:germany
20177218,en:italy
20177218,en:spain
3046920029681,en:austria
3046920029681,en:czech-republic
3046920029681,en:france
3046920029681,en:germany
3046920029681,en:morocco
3178530402728,en:france
3178530402728,en:switzerland
6111031005095,en:morocco
5060088705940,en:united-kingdom
3034470003107,en:france
6111180010414,en:morocco
20337292,en:france
20337292,en:germany
20337292,en:italy
20337292,en:spain
5053990127740,en:belgium
5053990127740,en:germany
5053990127740,en:ireland
5053990127740,en:morocco
5053990127740,en:netherlands
5053990127740,en:spain
5053990127740,en:united-kingdom
5601363006668,en:france
5601363006668,en:morocco
5060482840179,en:france
5060482840179,en:united-kingdom
8410076801197,en:belgium
8410076801197,en:france
8410076801197,en:germany
8410076801197,en:ireland
8410076801197,en:spain
8410076801197,en:united-kingdom
3229820794532,en:france
5060198820052,en:france
5060198820052,en:ireland
5060198820052,en:united-kingdom
5060198820052,en:united-states
6111017042403,en:france
6111017042403,en:morocco
8434165437418,en:france
8434165437418,en:morocco
6111017046470,en:morocco
8000500267035,en:belgium
8000500267035,en:bulgaria
8000500267035,en:france
8000500267035,en:germany
8000500267035,en:hungary
8000500267035,en:italy
8000500267035,en:mexico
8000500267035,en:morocco
8000500267035,en:portugal
8000500267035,en:romania
8000500267035,en:spain
8000500267035,en:switzerland
8410376009415,en:portugal
8410376009415,en:spain
3175681257566,en:france
3175681257566,en:reunion
3760020508012,en:belgium
3760020508012,en:france
3760020508012,en:switzerland
6111243570138,en:morocco
4008400260921,en:austria
4008400260921,en:france
4008400260921,en:germany
4008400260921,en:italy
4008400260921,en:switzerland
5060283760669,en:united-kingdom
8013355999143,en:belgium
8013355999143,en:france
8013355999143,en:germany
8013355999143,en:italy
8013355999143,en:switzerland
8410076610744,en:france
4088600132334,en:ireland
4088600132334,en:united-kingdom
3700214611548,en:belgium
3700214611548,en:france
3700214611548,en:switzerland
4008400409627,en:germany
4008400409627,en:morocco
5010029207880,en:france
5010029207880,en:ireland
5010029207880,en:spain
5010029207880,en:united-kingdom
8000500269169,en:belgium
8000500269169,en:bulgaria
8000500269169,en:finland
8000500269169,en:france
8000500269169,en:germany
8000500269169,en:hungary
8000500269169,en:italy
8000500269169,en:luxembourg
8000500269169,en:morocco
8000500269169,en:romania
8000500269169,en:spain
8000500269169,en:sweden
8000500269169,en:switzerland
3178530410143,en:france
3178530410143,en:switzerland
3284230011884,en:france
6111031005279,en:morocco
00938150,en:france
00938150,en:united-kingdom
3178530407396,en:belgium
3178530407396,en:france
3178530407396,en:luxembourg
3178530407396,en:switzerland
3178530407396,en:united-kingdom
5410041010800,en:canada
5410041010800,en:france
5410041010800,en:germany
5410041010800,en:morocco
5410041010800,en:reunion
5410041010800,en:spain
5410041010800,en:switzerland
5060283760812,en:united-kingdom
5055958701054,en:france
5055958701054,en:united-kingdom
8412674005021,en:france
8412674005021,en:morocco
8412674005021,en:new-caledonia
3175681257542,en:france
3175681257542,en:reunion
3175681257535,en:france
3175681257535,en:reunion
3760091722508,en:france
3760091722508,en:spain
7622210988034,en:france
7622210988034,en:guadeloupe
7622210988034,en:reunion
7622210988034,en:switzerland
5053990161966,en:belgium
5053990161966,en:bulgaria
5053990161966,en:germany
5053990161966,en:ireland
5053990161966,en:morocco
5053990161966,en:romania
5053990161966,en:united-kingdom
6111259344501,en:morocco
5000168198514,en:france
5060482840766,en:ireland
5060482840766,en:united-kingdom
5060088700105,en:france
5060088700105,en:switzerland
5060088700105,en:united-kingdom
8000500037560,en:algeria
8000500037560,en:belgium
8000500037560,en:france
8000500037560,en:germany
8000500037560,en:italy
8000500037560,en:morocco
8000500037560,en:spain
8000500037560,en:switzerland
8000500037560,en:tunisia
8000500037560,en:united-kingdom
8000500037560,en:united-states
00130509,en:united-kingdom
0039047011304,en:united-kingdom
3497917000907,en:france
3497917000907,en:morocco
6111259341517,en:morocco
6111259346345,en:morocco
0061232202952,en:france
0061232202952,en:united-kingdom
3336971805038,en:france
0612322000202,en:france
0612322000202,en:united-kingdom
0612322000202,en:united-states
7622210834751,en:france
7622210834751,en:morocco
7622210834751,en:maroc
3270190127765,en:belgium
3270190127765,en:france
3270190127765,en:french-polynesia
3270190127765,en:italy
3270190127765,en:morocco
3270190127765,en:spain
5060088701447,en:united-kingdom
3660140948258,en:france
6111265980229,en:morocco
5060719920001,en:spain
5060719920001,en:united-kingdom
6111259341654,en:france
6111259341654,en:morocco
20022471,en:croatia
20022471,en:czech-republic
20022471,en:france
20022471,en:spain
6111199000017,en:france
6111199000017,en:morocco
8410376017113,en:france
8410376017113,en:morocco
8410376017113,en:spain
8410376017113,fr:francia
6111259346352,en:morocco
0061232202556,en:france
0061232202556,en:ireland
0061232202556,en:new-zealand
0061232202556,en:united-kingdom
7622210995063,en:algeria
7622210995063,en:france
7622210995063,en:luxembourg
7622210995063,en:morocco
5059697684616,en:united-kingdom
4014400901191,en:austria
4014400901191,en:belgium
4014400901191,en:bulgaria
4014400901191,en:france
4014400901191,en:germany
4014400901191,en:hungary
4014400901191,en:morocco
4014400901191,en:netherlands
4014400901191,en:north-macedonia
4014400901191,en:poland
4014400901191,en:romania
4014400901191,en:sweden
4014400901191,en:switzerland
5410126806069,en:belgium
5410126806069,en:france
5410126806069,en:morocco
7622400006753,en:belgium
7622400006753,en:france
7622400006753,en:italy
7622400006753,en:morocco
4056489369134,en:france
7622210834713,en:france
7622210834713,en:morocco
5060088700099,en:belgium
5060088700099,en:france
5060088700099,en:united-kingdom
3664346306621,en:france
3664346306621,en:morocco
8410076901026,en:belgium
8410076901026,en:france
8410076901026,en:spain
8410076901026,en:united-kingdom
8410076600790,en:france
8410076600790,en:greece
8410076600790,en:ireland
8410076600790,en:spain
8410076600790,en:united-kingdom
6111259341272,en:morocco
6111259344013,en:morocco
3041090061615,en:belgium
3041090061615,en:france
3041090061615,en:reunion
3041090061615,en:switzerland
8410076481597,en:austria
8410076481597,en:belgium
8410076481597,en:denmark
8410076481597,en:finland
8410076481597,en:france
8410076481597,en:germany
8410076481597,en:greece
8410076481597,en:iceland
8410076481597,en:ireland
8410076481597,en:italy
8410076481597,en:netherlands
8410076481597,en:norway
8410076481597,en:poland
8410076481597,en:spain
8410076481597,en:sweden
8410076481597,en:switzerland
8410076481597,en:united-kingdom
6111017046043,en:morocco
20005726,en:bulgaria
20005726,en:croatia
20005726,en:france
20005726,en:germany
20005726,en:poland
20005726,en:romania
20005726,en:serbia
20005726,en:spain
8076809573252,en:france
8076809573252,en:germany
8076809573252,en:italy
8076809573252,en:spain
8076809573252,en:switzerland
5000168001104,en:france
5000168001104,en:ireland
5000168001104,en:united-kingdom
5410126716016,en:armenia
5410126716016,en:ireland
5410126716016,en:new-zealand
5410126716016,en:spain
5410126716016,en:united-kingdom
8000500227848,en:belgium
8000500227848,en:france
8000500227848,en:germany
8000500227848,en:italy
8000500227848,en:luxembourg
8000500227848,en:martinique
8000500227848,en:mauritius
8000500227848,en:morocco
8000500227848,en:new-caledonia
8000500227848,en:reunion
8000500227848,en:spain
8000500227848,en:switzerland
8000500227848,en:taiwan
8000500227848,en:thailand
8000500227848,en:united-kingdom
7622202025587,en:morocco
51000005,en:united-kingdom
5410041005707,en:belgium
5410041005707,en:france
5410041005707,en:netherlands
5410041005707,en:spain
5410041005707,en:switzerland
5000159535267,en:united-kingdom
3046920021043,en:france
3046920021043,en:morocco
3046920021043,en:united-kingdom
3175681851863,en:belgium
3175681851863,en:france
3175681851863,en:morocco
3175681851863,en:reunion
3175681851863,en:switzerland
8410376047578,en:bulgaria
8410376047578,en:france
8410376047578,en:hungary
8410376047578,en:italy
8410376047578,en:morocco
8410376047578,en:spain
5057545916049,en:france
5057545916049,en:ireland
5057545916049,en:united-kingdom
6111243570169,en:morocco
3175681280502,en:france
3056440070896,en:belgium
3056440070896,en:france
3056440070896,en:french-polynesia
3056440070896,en:new-caledonia
3056440070896,en:reunion
8000500359488,en:belgium
8000500359488,en:bulgaria
8000500359488,en:france
8000500359488,en:germany
8000500359488,en:italy
8000500359488,en:morocco
8000500359488,en:romania
8000500359488,en:united-kingdom
5900951311505,en:bulgaria
5900951311505,en:czech-republic
5900951311505,en:france
5900951311505,en:germany
5900951311505,en:morocco
5900951311505,en:poland
5900951311505,en:spain
20815400,en:belgium
20815400,en:bulgaria
20815400,en:croatia
20815400,en:france
20815400,en:germany
20815400,en:italy
3017760819121,en:france
5000159459228,en:belgium
5000159459228,en:bulgaria
5000159459228,en:france
5000159459228,en:germany
5000159459228,en:hungary
5000159459228,en:italy
5000159459228,en:morocco
5000159459228,en:romania
5000159459228,en:saudi-arabia
5000159459228,en:united-kingdom
5000426171518,en:belgium
5000426171518,en:france
5000426171518,en:ireland
5000426171518,en:morocco
5000426171518,en:spain
5000426171518,en:united-kingdom
3175681290297,en:france
6111031005194,en:morocco
3175681077324,en:france
3175681077324,en:reunion
3175681116863,en:france
3175681134935,en:belgium
3175681134935,en:france
3175681134935,en:switzerland
4008400163826,en:denmark
4008400163826,en:france
4008400163826,en:germany
4008400163826,en:morocco
4008400163826,en:switzerland
6111242040991,en:france
6111242040991,en:morocco
3027030011810,en:france
5017764128128,en:ireland
5017764128128,en:united-kingdom
3046920022705,en:canada
3046920022705,en:france
3175681026766,en:france
3175681026766,en:la-reunion
3175681026766,en:suisse
5053990101542,en:croatia
5053990101542,en:france
5053990101542,en:germany
5053990101542,en:morocco
5053990101542,en:romania
5016451062110,en:united-kingdom
8000500267103,en:france
8000500267103,en:germany
8000500267103,en:italy
8000500267103,en:morocco
3229820783673,en:france
3380380047749,en:belgium
3380380047749,en:france
3380380047749,en:spain
3380380047749,en:switzerland
6223000495971,en:morocco
5055958705427,en:united-kingdom
6111270030018,en:morocco
6111031005293,en:morocco
6111031005385,en:morocco
5010043000917,en:france
5010043000917,en:united-kingdom
80177609,en:algeria
80177609,en:australia
80177609,en:brazil
80177609,en:france
80177609,en:germany
80177609,en:hong-kong
80177609,en:hungary
80177609,en:italy
80177609,en:lithuania
80177609,en:morocco
80177609,en:portugal
80177609,en:romania
80177609,en:spain
80177609,en:switzerland
20005771,en:bulgaria
20005771,en:france
20005771,en:germany
20005771,en:ireland
20005771,en:united-kingdom
8410376040425,en:bulgaria
8410376040425,en:france
8410376040425,en:italy
8410376040425,en:morocco
8410376040425,en:romania
8717677339914,en:united-kingdom
5055958706288,en:united-kingdom
3175681134904,en:france
3175681134904,en:switzerland
3175681134904,en:united-states
7622400013935,en:france
7622400013935,en:italy
7622400013935,en:portugal
6291003203527,en:lebanon
6291003203527,en:morocco
7311070346916,en:france
7311070346916,en:germany
7311070346916,en:italy
7311070346916,en:netherlands
7311070346916,en:spain
7311070346916,en:united-kingdom
3229820791081,en:croatia
3229820791081,en:france
3229820791081,en:morocco
3229820791081,en:new-caledonia
3229820791081,en:reunion
3229820791081,en:switzerland
5056051802419,en:france
5056051802419,en:switzerland
5056051802419,en:united-kingdom
6111242380295,en:morocco
6111242380295,en:maroc
6111259341494,en:morocco
7622201695323,en:morocco
20006174,en:belgium
20006174,en:france
20006174,en:germany
3560070669981,en:france
3560070669981,en:italy
3560070669981,en:morocco
3560070669981,en:spain
5060088705230,en:united-kingdom
8000300264388,en:belgium
8000300264388,en:france
8000300264388,en:netherlands
8000300264388,en:portugal
8000300264388,en:spain
8000300264388,en:switzerland
6111259344426,en:morocco
8000500391228,en:france
8000500391228,en:germany
8000500391228,en:italy
8000500391228,en:switzerland
8000500003787,en:australia
8000500003787,en:austria
8000500003787,en:belgium
8000500003787,en:france
8000500003787,en:morocco
8000500003787,en:spain
8000500003787,en:switzerland
8000500003787,en:united-kingdom
8000500003787,en:united-states
5060198820847,en:united-kingdom
8411859551445,en:morocco
8411859551445,en:spain
8411859551445,fr:francia
6111242600553,en:morocco
00557825,en:united-kingdom
20014384,en:belgium
20014384,en:bulgaria
20014384,en:france
20014384,en:hungary
20014384,en:spain
20014384,en:sweden
3023470020016,en:france
3760020508388,en:france
6294003539054,en:morocco
6111259344211,en:morocco
3168930168133,en:france
0005100000100,en:united-kingdom
0061232200545,en:united-kingdom
5050974000822,en:united-kingdom
6111017046548,en:morocco
0612322000387,en:france
0612322000387,en:united-kingdom
3700214614266,en:france
7622210449313,en:france
7622210449313,en:reunion
8000500310397,en:france
8000500310397,en:germany
8000500310397,en:italy
8000500310397,en:morocco
8000500310397,en:united-kingdom
5053990161607,en:france
5053990161607,en:germany
5053990161607,en:morocco
5000128981330,en:united-kingdom
00392754,en:united-kingdom
3760049798890,en:france
6223000496022,en:morocco
8410076901033,en:belgium
8410076901033,en:france
8410076901033,en:germany
8410076901033,en:united-kingdom
8410076901033,en:frankreich
3392460510050,en:france
5410041040807,en:belgium
5410041040807,en:france
5410041040807,en:morocco
5410041040807,en:spain
5410041040807,en:switzerland
8410376002201,en:france
8410376002201,en:morocco
8410376002201,en:spain
40874302,en:ireland
40874302,en:united-kingdom
20615420,en:france
20615420,en:spain
8480000142429,en:spain
3760091726667,en:france
3760091726667,en:spain
3760091726667,en:switzerland
8480000607225,en:spain
20005825,en:bulgaria
20005825,en:estonia
20005825,en:finland
20005825,en:france
20005825,en:germany
20005825,en:hungary
20005825,en:poland
20005825,en:romania
20005825,en:slovenia
20005825,en:spain
20815356,en:belgium
20815356,en:france
20815356,en:germany
20815356,en:netherlands
20815356,en:poland
20815356,en:spain
20815356,en:switzerland
3229820791074,en:france
3229820791074,en:morocco
3229820791074,en:switzerland
5000159492737,en:belgium
5000159492737,en:france
5000159492737,en:germany
5000159492737,en:italy
5000159492737,en:switzerland
7622300784751,en:austria
7622300784751,en:belgium
7622300784751,en:estonia
7622300784751,en:france
7622300784751,en:germany
7622300784751,en:italy
7622300784751,en:latvia
7622300784751,en:lithuania
7622300784751,en:netherlands
7622300784751,en:poland
7622300784751,en:portugal
5060198640643,en:france
5060198640643,en:united-kingdom
0061232201047,en:new-zealand
0061232201047,en:united-kingdom
0061232201047,en:united-states
3046920029674,en:belgium
3046920029674,en:denmark
3046920029674,en:france
3046920029674,en:germany
3046920029674,en:italy
3046920029674,en:netherlands
3046920029674,en:portugal
3046920029674,en:spain
3046920029674,en:switzerland
3046920029674,en:united-kingdom
3175681135895,en:france
3175681135895,en:reunion
5060088702000,en:united-kingdom
7612100018477,en:belgium
7612100018477,en:france
7612100018477,en:switzerland
7622210869616,en:belgium
7622210869616,en:france
7622210869616,en:reunion
8410076600837,en:france
8410076600837,en:ireland
8410076600837,en:united-kingdom
6111017030073,en:morocco
20080211,en:france
20080211,en:germany
20080211,en:spain
20080211,en:switzerland
20080211,en:england
7300400117975,en:italy
7300400117975,en:romania
5060490400242,en:united-kingdom
8411414014385,en:morocco
8411414014385,en:spain
8402001013140,en:spain
6111259347106,en:morocco
6111259341234,en:morocco
20261375,en:czech-republic
20261375,en:germany
20261375,en:ireland
3061990141101,en:belgium
3061990141101,en:france
3061990141101,en:morocco
3061990141101,en:reunion
3061990141101,en:switzerland
3175681039599,en:france
3760049790818,en:france
5410041435702,en:bulgaria
5410041435702,en:france
5410041435702,en:hungary
5410041435702,en:romania
5410041435702,en:serbia
7622210422026,en:france
7622210422026,en:switzerland
0072417196379,en:spain
0072417196379,en:united-kingdom
6111259344051,en:morocco
20430733,en:italy
5060042641420,en:france
5060042641420,en:germany
5060042641420,en:united-kingdom
7613035040700,en:france
9322969000015,en:australia
9322969000015,en:france
9322969000015,en:new-zealand
9322969000015,en:united-kingdom
5055958704161,en:france
5055958704161,en:united-kingdom
5017764003395,en:united-kingdom
5000137159614,en:france
5000137159614,en:united-kingdom
5000137487908,en:united-kingdom
5000137487908,en:united-states
8595229900504,en:czech-republic
8595229900504,en:france
8595229900504,en:morocco
7622210584717,en:spain
7622210584717,en:united-kingdom
5060283762212,en:united-kingdom
3392460511200,en:france
3392460511200,en:guadeloupe
3587222521508,en:france
40084077,en:belgium
40084077,en:bulgaria
40084077,en:france
40084077,en:germany
40084077,en:morocco
40084077,en:poland
40084077,en:spain
40084077,en:switzerland
7622210444127,en:belgium
7622210444127,en:france
7622210444127,en:portugal
7622210444127,en:reunion
7622210444127,en:switzerland
01708752,en:united-kingdom
5060482841992,en:united-kingdom
3178530405736,en:france
3497911105127,en:croatia
3497911105127,en:france
7622200002290,en:belgium
7622200002290,en:china
7622200002290,en:france
7622210422163,en:belgium
7622210422163,en:france
7622210422163,en:switzerland
7622300292508,en:belgium
7622300292508,en:france
7622300292508,en:italy
7622300292508,en:morocco
7622300292508,en:portugal
7622300292508,en:spain
8595229901075,en:france
8595229901075,en:morocco
5017764003142,en:united-kingdom
3017760030106,en:belgium
3017760030106,en:france
3017760030106,en:guadeloupe
3017760030106,en:luxembourg
3017760030106,en:new-caledonia
3017760030106,en:reunion
3336970711064,en:canada
3336970711064,en:france
51000009,en:united-kingdom
7622210713902,en:france
7622210713902,en:reunion
7622210713902,en:switzerland
7622210724519,en:belgium
7622210724519,en:france
7622210724519,en:reunion
10600425,en:france
10600425,en:united-kingdom
5057373749130,en:czech-republic
5057373749130,en:united-kingdom
5059512738814,en:united-kingdom
3178530410112,en:france
3178530410112,en:reunion
5410126006049,en:france
5410126006049,en:germany
5410126006049,en:morocco
5410126006049,en:poland
5410126006049,en:spain
4088600132341,en:united-kingdom
5000169567418,en:united-kingdom
6111259344464,en:morocco
3245550078681,en:france
3700214614259,en:france
5010265000801,en:france
5010265000801,en:ireland
5010265000801,en:united-kingdom
8480000125866,en:spain
4056489041160,en:france
3329757004442,en:france
3336972109104,en:france
3046920022507,en:france
4008400290829,en:france
4008400290829,en:germany
4008400290829,en:italy
4008400290829,en:romania
8000500009673,en:bulgaria
8000500009673,en:france
8000500009673,en:morocco
8000500009673,en:romania
8000500009673,en:spain
8000500009673,en:united-kingdom
3175681261372,en:france
6111259341159,en:morocco
3175681290440,en:france
6111031005217,en:morocco
6111031005408,en:morocco
40084107,en:germany
40084107,en:moldova
40084107,en:poland
40084107,en:portugal
40084107,en:romania
40084107,en:spain
6111017042427,en:france
6111017042427,en:morocco
7622210995100,en:france
7622210995100,en:morocco
8717677339938,en:united-kingdom
8000500359556,en:bulgaria
8000500359556,en:france
8000500359556,en:germany
8000500359556,en:morocco
8000500359556,en:romania
8000500359556,en:united-kingdom
0612322030087,en:czech-republic
0612322030087,en:portugal
0612322030087,en:united-kingdom
20029838,en:bulgaria
20029838,en:france
20029838,en:germany
3046920028370,en:austria
3046920028370,en:belgium
3046920028370,en:bolivia
3046920028370,en:czech-republic
3046920028370,en:denmark
3046920028370,en:estonia
3046920028370,en:france
3046920028370,en:hungary
3046920028370,en:italy
3046920028370,en:morocco
3046920028370,en:netherlands
3046920028370,en:poland
3046920028370,en:spain
3046920028370,en:switzerland
3046920028370,en:thailand
3046920028370,en:united-kingdom
5060042641413,en:france
5060042641413,en:germany
5060042641413,en:netherlands
5060042641413,en:switzerland
5060042641413,en:united-kingdom
3228857001323,en:france
5053990162703,en:france
5059697729072,en:isle-of-man
5059697729072,en:united-kingdom
20706852,en:bulgaria
20706852,en:czech-republic
20706852,en:finland
20706852,en:france
20706852,en:germany
20706852,en:lithuania
20706852,en:spain
3256540001008,en:france
3497917000518,en:france
3497917000518,en:morocco
4008400183022,en:austria
4008400183022,en:belgium
4008400183022,en:bulgaria
4008400183022,en:france
4008400183022,en:germany
4008400183022,en:hungary
4008400183022,en:latvia
4008400183022,en:poland
4008400183022,en:romania
4008400183022,en:switzerland
4008400183022,en:united-kingdom
5060042641437,en:france
5060042641437,en:germany
5060042641437,en:reunion
5060042641437,en:united-kingdom
5060088705179,en:united-kingdom
5391528180073,en:france
5391528180073,en:united-kingdom
5410041143508,en:austria
5410041143508,en:denmark
5410041143508,en:finland
5410041143508,en:france
5410041143508,en:germany
5410041143508,en:italy
5410041143508,en:norway
5410041143508,en:portugal
5410041143508,en:spain
5410041143508,en:sweden
5410041143508,en:switzerland
7613035859098,en:france
7613035859098,en:reunion
8434165483965,en:france
8434165483965,en:morocco
8434165483965,en:spain
8410076801203,en:france
8410076801203,en:spain
8410076801203,en:united-kingdom
4056489546092,en:france
5000168001210,en:ireland
5000168001210,en:united-kingdom
7613035239562,en:france
7613035239562,en:morocco
8076809517706,en:france
8076809517706,en:italy
6111259344181,en:morocco
8402001009648,en:portugal
8402001009648,en:spain
00938112,en:france
00938112,en:united-kingdom
3175681037885,en:france
3175681037885,en:switzerland
16756168,en:france
8480000125248,en:spain
5050974504139,en:united-kingdom
3497917002451,en:france
3061990143372,en:belgium
3061990143372,en:france
5000328015927,en:germany
5000328015927,en:united-kingdom
06163826,en:france
3014680009175,en:belgium
3014680009175,en:brazil
3014680009175,en:canada
3014680009175,en:france
3014680009175,en:switzerland
3017760038331,en:france
3017760038331,en:reunion
3017760038331,en:spain
3046920042932,en:france
3046920042932,en:germany
3046920042932,en:morocco
8410376026979,en:france
8410376026979,en:italy
8410376026979,en:spain
8410376026979,en:tunisia
4088600107806,en:ireland
4088600107806,en:united-kingdom
6111259341692,en:morocco
3760049798876,en:france
3168930167983,en:france
20114329,en:czech-republic
20114329,en:france
20114329,en:germany
3336971209133,en:france
5000159492966,en:france
7613035898646,en:france
7613035898646,en:germany
7613035898646,en:martinique
7613035898646,en:reunion
8410076600448,en:france
8410076600448,en:united-arab-emirates
8410376023831,en:andorra
8410376023831,en:france
8410376023831,en:morocco
8410376023831,en:portugal
8410376023831,en:senegal
8410376023831,en:spain
8410376023831,en:francia
1230000097048,en:spain
1230000097048,en:united-kingdom
3168930171737,en:france
20840273,en:france
3046920010603,en:australia
3046920010603,en:austria
3046920010603,en:brazil
3046920010603,en:france
3046920010603,en:new-zealand
3046920010603,en:united-kingdom
3056440032696,en:belgium
3056440032696,en:france
3472860001058,en:france
3472860001058,en:morocco
5413548283128,en:austria
5413548283128,en:belgium
5413548283128,en:france
5413548283128,en:germany
5413548283128,en:spain
8480000135025,en:portugal
8480000135025,en:spain
6111017046029,en:morocco
3017760472890,en:belgium
3017760472890,en:france
3017760472890,en:luxembourg
3017760472890,en:switzerland
3229820789149,en:france
5000328376677,en:united-kingdom
5060088705148,en:belgium
5060088705148,en:czech-republic
5060088705148,en:france
5060088705148,en:netherlands
5000237132296,en:united-kingdom
